care_site_id,care_site_name,place_of_service_concept_id,location_id,care_site_source_value,place_of_service_source_value,filename
634265552152545,Anthem,9202,2956139368317343,ANTHEM|UNK,1160-1|2.16.840.1.113883.6.259,bennis_shauna_ccda.xml
2726045243128979,BlueShield,9202,2956139368317343,BSC|UNK,1160-1|2.16.840.1.113883.6.259,bennis_shauna_ccda.xml
211083354548822,Family HealthCare Network,9202,2956139368317343,2.16.840.1.113883.3.7732.100.3.13|None,1160-1|2.16.840.1.113883.6.259,bennis_shauna_ccda.xml
3641179056146095,Hemet Valley Medical Center,9202,2956139368317343,2.16.840.1.113883.3.7732.100.3.29|ED,1160-1|2.16.840.1.113883.6.259,bennis_shauna_ccda.xml
1830929382228485,Family HealthCare Network,9202,2956139368317343,2.16.840.1.113883.3.7732.100.3.13|FHCN,1160-1|2.16.840.1.113883.6.259,bennis_shauna_ccda.xml
3872032472831629,Hemet Valley Medical Center,9202,2956139368317343,2.16.840.1.113883.3.7732.100.3.29|None,1108-0|2.16.840.1.113883.6.259,bennis_shauna_ccda.xml
3872032472831629,Hemet Valley Medical Center,9202,2956139368317343,2.16.840.1.113883.3.7732.100.3.29|None,1160-1|2.16.840.1.113883.6.259,bennis_shauna_ccda.xml
